Title,Price,Rating (Out of 5),Availability
Sapiens: A Brief History of Humankind,54.23,5,In stock
Set Me Free,17.46,5,In stock
Scott Pilgrim's Precious Little Life (Scott Pilgrim #1),52.29,5,In stock
Rip it Up and Start Again,35.02,5,In stock
Chase Me (Paris Nights #2),25.27,5,In stock
Black Dust,34.53,5,In stock
Worlds Elsewhere: Journeys Around Shakespeareâs Globe,40.3,5,In stock
The Four Agreements: A Practical Guide to Personal Freedom,17.66,5,In stock
The Elephant Tree,23.82,5,In stock
Sophie's World,15.94,5,In stock
Private Paris (Private #10),47.61,5,In stock
#HigherSelfie: Wake Up Your Life. Free Your Soul. Find Your Tribe.,23.11,5,In stock
"We Love You, Charlie Freeman",50.27,5,In stock
Thirst,17.27,5,In stock
"The Inefficiency Assassin: Time Management Tactics for Working Smarter, Not Longer",20.59,5,In stock
The Activist's Tao Te Ching: Ancient Advice for a Modern Revolution,32.24,5,In stock
"Princess Jellyfish 2-in-1 Omnibus, Vol. 01 (Princess Jellyfish 2-in-1 Omnibus #1)",13.61,5,In stock
Princess Between Worlds (Wide-Awake Princess #5),13.34,5,In stock
Join,35.67,5,In stock
